年度,期作,縣市,鄉鎮,作物代碼,作物,種植面積,收穫面積,稻穀總產量,稻穀單位產量,糙米總產量,糙米單位產量
113,一期作,彰化縣,田尾鄉,C01 ,稉稻,265.31,265.31,2177664,8208,1720355,6484
113,二期作,彰化縣,田尾鄉,C01 ,稉稻,257.18,257.18,1322420,5142,1031488,4011
113,一期作,彰化縣,二林鎮,C01 ,稉稻,2911.25,2911.25,21321995,7324,16919003,5812
113,二期作,彰化縣,二林鎮,C01 ,稉稻,1989.11,1989.11,10850595,5455,8447412,4247
113,一期作,彰化縣,二林鎮,C02 ,硬秈稻,5,5,36620,7324,29058,5812
113,二期作,彰化縣,二林鎮,C02 ,硬秈稻,20,20,114771,5739,87800,4390
113,一期作,彰化縣,二林鎮,C03 ,軟秈稻,365,365,2673260,7324,2121232,5812
113,二期作,彰化縣,二林鎮,C03 ,軟秈稻,10,10,56500,5650,43053,4305
113,一期作,彰化縣,二林鎮,C04 ,稉糯稻,20,20,146480,7324,116232,5812
113,二期作,彰化縣,二林鎮,C04 ,稉糯稻,5,5,29775,5955,23227,4645
113,一期作,彰化縣,二林鎮,C05 ,秈糯稻,30,30,219720,7324,174348,5812
113,一期作,彰化縣,伸港鄉,C01 ,稉稻,428.22,428.22,3027944,7071,2392076,5586
113,二期作,彰化縣,伸港鄉,C01 ,稉稻,49.94,49.94,185977,3724,145248,2908
113,一期作,彰化縣,伸港鄉,C03 ,軟秈稻,265,265,1873815,7071,1480314,5586
113,二期作,彰化縣,伸港鄉,C03 ,軟秈稻,1.2,1.2,3957,3298,2901,2418
113,一期作,彰化縣,溪州鄉,C01 ,稉稻,1829.85,1829.85,14666248,8015,11601002,6340
113,二期作,彰化縣,溪州鄉,C01 ,稉稻,1777.32,1777.32,10601182,5965,8176364,4600
113,一期作,彰化縣,溪州鄉,C03 ,軟秈稻,32,32,256480,8015,202876,6340
113,二期作,彰化縣,溪州鄉,C03 ,軟秈稻,45,45,255330,5674,196630,4370
113,一期作,彰化縣,溪州鄉,C04 ,稉糯稻,5,5,40075,8015,31699,6340
113,二期作,彰化縣,溪州鄉,C04 ,稉糯稻,5,5,28855,5771,22769,4554
113,一期作,彰化縣,溪州鄉,C05 ,秈糯稻,53,53,424795,8015,336013,6340
113,二期作,彰化縣,溪州鄉,C05 ,秈糯稻,40,40,223320,5583,161259,4031
113,一期作,彰化縣,線西鄉,C01 ,稉稻,603.89,603.89,4687394,7762,3703041,6132
113,二期作,彰化縣,線西鄉,C01 ,稉稻,22.1,22.1,81925,3707,63902,2891
113,一期作,彰化縣,線西鄉,C03 ,軟秈稻,8,8,62096,7762,49056,6132
113,一期作,彰化縣,秀水鄉,C01 ,稉稻,628.12,628.12,5045060,8032,4006787,6379
113,二期作,彰化縣,秀水鄉,C01 ,稉稻,460.04,460.04,2230274,4848,1744743,3793
113,一期作,彰化縣,秀水鄉,C03 ,軟秈稻,147.2,147.2,1182310,8032,938991,6379
113,二期作,彰化縣,秀水鄉,C03 ,軟秈稻,80.37,80.37,468062,5824,364433,4535
113,一期作,彰化縣,秀水鄉,C04 ,稉糯稻,6.2,6.2,49799,8032,39550,6379
113,一期作,彰化縣,秀水鄉,C05 ,秈糯稻,303.7,303.7,2439318,8032,1937306,6379
113,二期作,彰化縣,秀水鄉,C05 ,秈糯稻,152.42,152.42,729787,4788,568188,3728
113,一期作,彰化縣,福興鄉,C01 ,稉稻,853.62,853.62,6977490,8174,5512217,6457
113,二期作,彰化縣,福興鄉,C01 ,稉稻,170,170,642600,3780,503156,2960
113,一期作,彰化縣,福興鄉,C03 ,軟秈稻,75,75,613050,8174,484310,6457
113,二期作,彰化縣,福興鄉,C03 ,軟秈稻,3,3,10722,3574,8148,2716
113,一期作,彰化縣,福興鄉,C04 ,稉糯稻,10,10,81740,8174,64574,6457
113,一期作,彰化縣,福興鄉,C05 ,秈糯稻,730,730,5967020,8174,4713946,6457
113,二期作,彰化縣,福興鄉,C05 ,秈糯稻,205,205,701052,3420,545108,2659
113,一期作,彰化縣,芳苑鄉,C01 ,稉稻,1162.08,1162.08,9131625,7858,7213984,6208
113,二期作,彰化縣,芳苑鄉,C01 ,稉稻,236.36,236.36,1192200,5044,932811,3947
113,一期作,彰化縣,芳苑鄉,C03 ,軟秈稻,620.34,620.34,4874631,7858,3850958,6208
113,二期作,彰化縣,芳苑鄉,C03 ,軟秈稻,35.6,35.6,152370,4280,115954,3257
113,一期作,彰化縣,芳苑鄉,C05 ,秈糯稻,150,150,1178700,7858,931173,6208
113,一期作,彰化縣,彰化市,C01 ,稉稻,712.79,711.08,5228571,7353,4092529,5755
113,二期作,彰化縣,彰化市,C01 ,稉稻,567.73,565.56,2890474,5111,2221527,3928
113,一期作,彰化縣,彰化市,C02 ,硬秈稻,9,9,66177,7353,51578,5731
113,一期作,彰化縣,彰化市,C03 ,軟秈稻,44,44,323532,7353,252161,5731
113,一期作,彰化縣,彰化市,C05 ,秈糯稻,51,51,375003,7353,292277,5731
113,二期作,彰化縣,彰化市,C05 ,秈糯稻,9,9,47826,5314,36850,4094
113,一期作,彰化縣,埤頭鄉,C01 ,稉稻,1824.55,1824.55,14742364,8080,11646468,6383
113,二期作,彰化縣,埤頭鄉,C01 ,稉稻,1657.79,1657.79,9654969,5824,7530186,4542
113,一期作,彰化縣,埤頭鄉,C03 ,軟秈稻,10,10,80800,8080,63832,6383
113,二期作,彰化縣,埤頭鄉,C03 ,軟秈稻,5,5,24075,4815,18610,3722
113,二期作,彰化縣,埤頭鄉,C04 ,稉糯稻,5,5,25075,5015,19884,3977
113,一期作,彰化縣,埤頭鄉,C05 ,秈糯稻,50,50,404000,8080,319160,6383
113,二期作,彰化縣,埤頭鄉,C05 ,秈糯稻,90,90,533250,5925,416468,4627
113,一期作,彰化縣,竹塘鄉,C01 ,稉稻,1874.37,1874.37,14963096,7983,12000403,6402
113,二期作,彰化縣,竹塘鄉,C01 ,稉稻,1676.01,1676.01,8788996,5244,6836469,4079
113,一期作,彰化縣,竹塘鄉,C04 ,稉糯稻,10,10,79830,7983,64024,6402
113,二期作,彰化縣,竹塘鄉,C04 ,稉糯稻,10,10,47344,4734,36725,3672
113,一期作,彰化縣,竹塘鄉,C05 ,秈糯稻,10,10,79830,7983,64023,6402
113,二期作,彰化縣,竹塘鄉,C05 ,秈糯稻,10,10,47360,4736,36548,3655
113,一期作,彰化縣,和美鎮,C01 ,稉稻,963,963,7114644,7388,5614877,5831
113,二期作,彰化縣,和美鎮,C01 ,稉稻,351,351,1574153,4485,1206973,3439
113,一期作,彰化縣,和美鎮,C03 ,軟秈稻,272.19,272.19,2010940,7388,1587034,5831
113,二期作,彰化縣,和美鎮,C03 ,軟秈稻,39.43,39.43,181220,4596,137818,3495
113,一期作,彰化縣,鹿港鎮,C01 ,稉稻,1026.74,1026.74,8075310,7865,6317315,6153
113,二期作,彰化縣,鹿港鎮,C01 ,稉稻,189.9,189.9,787136,4145,601372,3167
113,一期作,彰化縣,鹿港鎮,C03 ,軟秈稻,384.26,384.26,3022205,7865,2364271,6153
113,二期作,彰化縣,鹿港鎮,C03 ,軟秈稻,67.8,67.8,281030,4145,214707,3167
113,一期作,彰化縣,鹿港鎮,C05 ,秈糯稻,76.85,76.85,604425,7865,472842,6153
113,二期作,彰化縣,鹿港鎮,C05 ,秈糯稻,13.59,13.59,56331,4145,43037,3167
113,一期作,彰化縣,大城鄉,C01 ,稉稻,1217.08,1217.08,9736640,8000,7691946,6320
113,二期作,彰化縣,大城鄉,C01 ,稉稻,282.68,282.68,1364214,4826,1064087,3764
113,一期作,彰化縣,北斗鎮,C01 ,稉稻,432.95,432.95,3277864,7571,2589513,5981
113,二期作,彰化縣,北斗鎮,C01 ,稉稻,433.27,433.27,2638181,6089,2057883,4750
113,二期作,彰化縣,北斗鎮,C04 ,稉糯稻,5.1,5.1,26670,5229,20701,4059
113,一期作,彰化縣,北斗鎮,C05 ,秈糯稻,7.5,7.5,56783,7571,44858,5981
113,一期作,彰化縣,員林市,C01 ,稉稻,314.13,314.13,2443931,7780,1923618,6124
113,二期作,彰化縣,員林市,C01 ,稉稻,367.19,367.19,2120238,5774,1660274,4522
113,一期作,彰化縣,員林市,C02 ,硬秈稻,9.7,9.7,75466,7780,59399,6124
113,二期作,彰化縣,員林市,C02 ,硬秈稻,5,5,25010,5002,19013,3803
113,一期作,彰化縣,員林市,C03 ,軟秈稻,45,45,350100,7780,275564,6124
113,二期作,彰化縣,員林市,C03 ,軟秈稻,5,5,24965,4993,18981,3796
113,一期作,彰化縣,員林市,C05 ,秈糯稻,15,15,116700,7780,91855,6124
113,二期作,彰化縣,員林市,C05 ,秈糯稻,5,5,23940,4788,18218,3644
113,一期作,彰化縣,永靖鄉,C01 ,稉稻,206.82,206.82,1683515,8140,1329977,6431
113,二期作,彰化縣,永靖鄉,C01 ,稉稻,201.81,201.81,1033192,5120,806096,3995
113,一期作,彰化縣,永靖鄉,C05 ,秈糯稻,3,3,24420,8140,19292,6431
113,二期作,彰化縣,永靖鄉,C05 ,秈糯稻,3,3,14616,4872,11194,3731
113,一期作,彰化縣,埔心鄉,C01 ,稉稻,416.39,416.39,3225773,7747,2549651,6123
113,二期作,彰化縣,埔心鄉,C01 ,稉稻,409.62,409.62,2389723,5834,1872826,4572
113,一期作,彰化縣,二水鄉,C01 ,稉稻,441.18,441.18,3150908,7142,2489217,5642
113,二期作,彰化縣,二水鄉,C01 ,稉稻,448.57,448.57,2451435,5465,1912119,4263
113,一期作,彰化縣,社頭鄉,C01 ,稉稻,500.47,500.47,3852118,7697,3043173,6081
113,二期作,彰化縣,社頭鄉,C01 ,稉稻,495.44,495.44,2970163,5995,2316727,4676
113,一期作,彰化縣,田中鎮,C01 ,稉稻,791.34,791.34,6243673,7890,4932502,6233
113,二期作,彰化縣,田中鎮,C01 ,稉稻,758.92,758.92,3613977,4762,2822307,3719
113,一期作,彰化縣,田中鎮,C03 ,軟秈稻,5,5,39450,7890,31166,6233
113,二期作,彰化縣,田中鎮,C03 ,軟秈稻,10,10,42862,4286,32661,3266
113,一期作,彰化縣,田中鎮,C05 ,秈糯稻,10,10,78900,7890,62330,6233
113,二期作,彰化縣,田中鎮,C05 ,秈糯稻,30,30,131640,4388,100046,3335
113,一期作,彰化縣,溪湖鎮,C01 ,稉稻,460.31,460.31,3664528,7961,2894977,6289
113,二期作,彰化縣,溪湖鎮,C01 ,稉稻,388.6,388.6,2057248,5294,1618026,4164
113,一期作,彰化縣,溪湖鎮,C03 ,軟秈稻,83.74,83.74,666654,7961,526657,6289
113,二期作,彰化縣,溪湖鎮,C03 ,軟秈稻,75,75,353114,4708,268437,3579
113,一期作,彰化縣,溪湖鎮,C05 ,秈糯稻,72.88,72.88,580198,7961,458356,6289
113,二期作,彰化縣,溪湖鎮,C05 ,秈糯稻,68,68,340136,5002,258925,3808
113,一期作,彰化縣,埔鹽鄉,C01 ,稉稻,1092.24,1092.24,8094591,7411,6411726,5870
113,二期作,彰化縣,埔鹽鄉,C01 ,稉稻,725.83,725.83,3379464,4656,2642923,3641
113,一期作,彰化縣,埔鹽鄉,C03 ,軟秈稻,30,30,222330,7411,176108,5870
113,二期作,彰化縣,埔鹽鄉,C03 ,軟秈稻,80,80,404480,5056,308214,3853
113,一期作,彰化縣,埔鹽鄉,C04 ,稉糯稻,15,15,111165,7411,88054,5870
113,二期作,彰化縣,埔鹽鄉,C04 ,稉糯稻,5,5,25430,5086,19840,3968
113,一期作,彰化縣,埔鹽鄉,C05 ,秈糯稻,420,420,3112620,7411,2465505,5870
113,二期作,彰化縣,埔鹽鄉,C05 ,秈糯稻,150,150,664250,4428,505029,3367
113,一期作,彰化縣,大村鄉,C01 ,稉稻,592.68,592.68,3869608,6529,3056990,5158
113,二期作,彰化縣,大村鄉,C01 ,稉稻,568.5,568.5,2402479,4226,1886172,3318
113,一期作,彰化縣,大村鄉,C03 ,軟秈稻,112.56,112.56,734904,6529,580574,5158
113,二期作,彰化縣,大村鄉,C03 ,軟秈稻,107.97,107.97,551727,5110,419864,3889
113,一期作,彰化縣,大村鄉,C04 ,稉糯稻,3.38,3.38,22068,6529,17434,5158
113,二期作,彰化縣,大村鄉,C04 ,稉糯稻,3.25,3.25,17420,5360,13593,4182
113,一期作,彰化縣,大村鄉,C05 ,秈糯稻,18.42,18.42,120264,6529,95009,5158
113,二期作,彰化縣,大村鄉,C05 ,秈糯稻,17.66,17.66,89872,5089,68339,3870
113,一期作,彰化縣,芬園鄉,C01 ,稉稻,614.83,614.83,4931551,8021,3895925,6337
113,二期作,彰化縣,芬園鄉,C01 ,稉稻,609.75,609.75,4151178,6808,3237919,5310
113,一期作,彰化縣,花壇鄉,C01 ,稉稻,178,178,1354758,7611,1064840,5982
113,二期作,彰化縣,花壇鄉,C01 ,稉稻,133.2,133.2,605394,4545,475516,3570
113,一期作,彰化縣,花壇鄉,C03 ,軟秈稻,149,149,1134039,7611,891355,5982
113,二期作,彰化縣,花壇鄉,C03 ,軟秈稻,106,106,474138,4473,347636,3280
113,一期作,彰化縣,花壇鄉,C04 ,稉糯稻,12,12,91332,7611,71787,5982
113,二期作,彰化縣,花壇鄉,C04 ,稉糯稻,12,12,59940,4995,46771,3898
113,一期作,彰化縣,花壇鄉,C05 ,秈糯稻,235.06,235.06,1789042,7611,1406186,5982
113,二期作,彰化縣,花壇鄉,C05 ,秈糯稻,171.14,171.14,749655,4380,583382,3409
113,一期作,嘉義市,西區,C01 ,稉稻,554.68,554.68,4501228,8115,3769051,6795
113,二期作,嘉義市,西區,C01 ,稉稻,516.22,516.22,2998722,5809,2499021,4841
113,一期作,嘉義市,西區,C02 ,硬秈稻,82,82,545792,6656,420250,5125
113,二期作,嘉義市,西區,C02 ,硬秈稻,40.26,40.26,172554,4286,132858,3300
113,一期作,嘉義市,東區,C01 ,稉稻,52.5,52.5,420000,8000,356895,6798
113,二期作,嘉義市,東區,C01 ,稉稻,48,48,278400,5800,232368,4841
113,一期作,嘉義市,東區,C02 ,硬秈稻,3,3,19968,6656,15375,5125
113,二期作,嘉義市,東區,C02 ,硬秈稻,2.5,2.5,10715,4286,8250,3300
113,一期作,嘉義縣,民雄鄉,C01 ,稉稻,2358.39,2358.39,20006222,8483,16070069,6814
113,二期作,嘉義縣,民雄鄉,C01 ,稉稻,2290.56,2290.56,12698865,5544,10284614,4490
113,一期作,嘉義縣,大林鎮,C01 ,稉稻,1238.24,1238.24,9909635,8003,8012651,6471
113,二期作,嘉義縣,大林鎮,C01 ,稉稻,1325.23,1325.23,7816207,5898,6337250,4782
113,一期作,嘉義縣,大林鎮,C04 ,稉糯稻,5,5,43425,8685,34305,6861
113,二期作,嘉義縣,大林鎮,C04 ,稉糯稻,10,10,67630,6763,54780,5478
113,一期作,嘉義縣,大林鎮,C05 ,秈糯稻,100,100,750800,7508,585600,5856
113,二期作,嘉義縣,阿里山鄉,C04 ,稉糯稻,0.6,0.6,3507,5845,2149,3582
113,一期作,嘉義縣,新港鄉,C01 ,稉稻,2704.23,2704.23,21499367,7950,17725843,6555
113,二期作,嘉義縣,新港鄉,C01 ,稉稻,2218.55,2218.55,11711725,5279,9076088,4091
113,一期作,嘉義縣,新港鄉,C04 ,稉糯稻,90,90,710550,7895,561330,6237
113,二期作,嘉義縣,新港鄉,C04 ,稉糯稻,49,49,215159,4391,161357,3293
113,一期作,嘉義縣,新港鄉,C05 ,秈糯稻,85,85,650610,7654,507420,5970
113,一期作,嘉義縣,溪口鄉,C01 ,稉稻,1818.79,1818.79,14590333,8022,11858511,6520
113,二期作,嘉義縣,溪口鄉,C01 ,稉稻,1478.71,1478.71,8169873,5525,6512239,4404
113,一期作,嘉義縣,溪口鄉,C04 ,稉糯稻,20,20,167040,8352,131960,6598
113,二期作,嘉義縣,溪口鄉,C04 ,稉糯稻,30,30,135270,4509,108210,3607
113,一期作,嘉義縣,溪口鄉,C05 ,秈糯稻,50,50,375500,7510,292900,5858
113,一期作,嘉義縣,太保市,C01 ,稉稻,1906.47,1906.47,15730284,8251,13198492,6923
113,二期作,嘉義縣,太保市,C01 ,稉稻,1595.76,1595.76,8526146,5343,6721341,4212
113,一期作,嘉義縣,太保市,C02 ,硬秈稻,180,180,961740,5343,762840,4238
113,二期作,嘉義縣,太保市,C02 ,硬秈稻,30,30,142110,4737,112260,3742
113,一期作,嘉義縣,水上鄉,C01 ,稉稻,1089.57,1089.57,9315824,8550,7458107,6845
113,二期作,嘉義縣,水上鄉,C01 ,稉稻,627.89,627.89,3406303,5425,2725043,4340
113,一期作,嘉義縣,水上鄉,C02 ,硬秈稻,210,210,1491420,7102,1125180,5358
113,一期作,嘉義縣,水上鄉,C05 ,秈糯稻,5,5,45070,9014,35155,7031
113,一期作,嘉義縣,鹿草鄉,C01 ,稉稻,2022.9,2022.9,16684879,8248,13514995,6681
113,二期作,嘉義縣,鹿草鄉,C01 ,稉稻,1274.62,1274.62,7201603,5650,5689904,4464
113,一期作,嘉義縣,布袋鎮,C01 ,稉稻,675.33,675.33,5419523,8025,4444347,6581
113,二期作,嘉義縣,布袋鎮,C01 ,稉稻,60.64,60.64,333823,5505,250140,4125
113,二期作,嘉義縣,竹崎鄉,C01 ,稉稻,0.82,0.82,4558,5558,3882,4734
113,一期作,嘉義縣,竹崎鄉,C02 ,硬秈稻,26.07,26.07,221699,8504,180430,6921
113,一期作,嘉義縣,朴子市,C01 ,稉稻,1336.25,1336.25,11302003,8458,9310990,6968
113,二期作,嘉義縣,朴子市,C01 ,稉稻,194.68,194.68,1057502,5432,835372,4291
113,一期作,嘉義縣,朴子市,C03 ,軟秈稻,85,85,685100,8060,541195,6367
113,一期作,嘉義縣,朴子市,C05 ,秈糯稻,75,75,566100,7548,430200,5736
113,一期作,嘉義縣,中埔鄉,C01 ,稉稻,6.07,6.07,48560,8000,39419,6494
113,二期作,嘉義縣,中埔鄉,C01 ,稉稻,11.92,11.92,73964,6205,57609,4833
113,一期作,嘉義縣,中埔鄉,C02 ,硬秈稻,63.82,63.82,529451,8296,427977,6706
113,二期作,嘉義縣,中埔鄉,C02 ,硬秈稻,2.64,2.64,13182,4993,10148,3844
113,一期作,嘉義縣,東石鄉,C01 ,稉稻,243.15,243.15,1420239,5841,1164445,4789
113,二期作,嘉義縣,東石鄉,C01 ,稉稻,107.25,107.25,605212,5643,484127,4514
113,一期作,嘉義縣,六腳鄉,C01 ,稉稻,351.67,351.67,2572114,7314,2109317,5998
113,二期作,嘉義縣,六腳鄉,C01 ,稉稻,12.28,12.28,66779,5438,47708,3885
113,二期作,嘉義縣,六腳鄉,C04 ,稉糯稻,12,12,62400,5200,39516,3293
113,一期作,嘉義縣,義竹鄉,C01 ,稉稻,153.29,153.29,1280278,8352,1054635,6880
113,二期作,嘉義縣,義竹鄉,C01 ,稉稻,3.26,3.26,18116,5557,16248,4984
113,一期作,新竹市,東區,C01 ,稉稻,105.49,105.49,666486,6318,506529,4802
113,二期作,新竹市,東區,C01 ,稉稻,77.62,77.62,315370,4063,204991,2641
113,一期作,新竹市,香山區,C01 ,稉稻,303.34,303.34,1996281,6581,1517174,5002
113,二期作,新竹市,香山區,C01 ,稉稻,211.87,210.07,824315,3924,535805,2551
113,一期作,新竹市,北區,C01 ,稉稻,197.9,197.9,1276059,6448,969805,4900
113,二期作,新竹市,北區,C01 ,稉稻,132.53,132.53,526277,3971,342080,2581
113,一期作,新竹縣,寶山鄉,C01 ,稉稻,54.81,54.81,329079,6004,263263,4803
113,二期作,新竹縣,寶山鄉,C01 ,稉稻,35.51,35.51,140549,3958,111034,3127
113,一期作,新竹縣,峨眉鄉,C01 ,稉稻,35.86,35.86,213905,5965,171124,4772
113,二期作,新竹縣,峨眉鄉,C01 ,稉稻,11.89,11.89,48630,4090,37445,3149
113,一期作,新竹縣,竹北市,C01 ,稉稻,939.34,939.34,5669856,6036,4422488,4708
113,二期作,新竹縣,竹北市,C01 ,稉稻,530.95,530.95,2500244,4709,1925188,3626
113,一期作,新竹縣,竹東鎮,C01 ,稉稻,363.35,363.35,2206988,6074,1743521,4798
113,二期作,新竹縣,竹東鎮,C01 ,稉稻,305.6,305.6,1145083,3747,881714,2885
113,一期作,新竹縣,芎林鄉,C01 ,稉稻,340.87,340.87,2337346,6857,1893250,5554
113,二期作,新竹縣,芎林鄉,C01 ,稉稻,292.83,292.83,1238964,4231,991171,3385
113,一期作,新竹縣,橫山鄉,C01 ,稉稻,87.8,87.8,525395,5984,415062,4727
113,二期作,新竹縣,橫山鄉,C01 ,稉稻,76.36,76.36,325446,4262,247339,3239
113,一期作,新竹縣,北埔鄉,C01 ,稉稻,18.43,18.43,110654,6004,85204,4623
113,二期作,新竹縣,北埔鄉,C01 ,稉稻,11.44,11.44,45280,3958,35318,3087
113,一期作,新竹縣,新埔鎮,C01 ,稉稻,475.23,475.23,2908408,6120,2210390,4651
113,二期作,新竹縣,新埔鎮,C01 ,稉稻,417.02,417.02,1890352,4533,1493378,3581
113,一期作,新竹縣,關西鎮,C01 ,稉稻,177.05,177.05,1052916,5947,831804,4698
113,二期作,新竹縣,關西鎮,C01 ,稉稻,130.49,130.49,585378,4486,462449,3544
113,一期作,新竹縣,湖口鄉,C01 ,稉稻,858.94,858.94,4369428,5087,3320765,3866
113,二期作,新竹縣,湖口鄉,C01 ,稉稻,230.48,230.48,760584,3300,593256,2574
113,一期作,新竹縣,湖口鄉,C03 ,軟秈稻,22,22,111914,5087,85055,3866
113,一期作,新竹縣,新豐鄉,C01 ,稉稻,1289.4,1289.4,7403735,5742,5922988,4594
113,二期作,新竹縣,新豐鄉,C01 ,稉稻,283.92,283.92,995140,3505,746355,2629
113,一期作,新竹縣,新豐鄉,C04 ,稉糯稻,28,28,160776,5742,128621,4594
113,一期作,花蓮縣,秀林鄉,C01 ,稉稻,1,1,4959,4959,3918,3918
113,一期作,花蓮縣,富里鄉,C01 ,稉稻,1960.14,1960.14,12239473,6244,9720589,4959
113,二期作,花蓮縣,富里鄉,C01 ,稉稻,1850.59,1844.61,5897218,3197,4464783,2420
113,一期作,花蓮縣,富里鄉,C03 ,軟秈稻,200,200,1230000,6150,976866,4884
113,二期作,花蓮縣,富里鄉,C03 ,軟秈稻,307,307,981479,3197,743078,2420
113,一期作,花蓮縣,富里鄉,C04 ,稉糯稻,60,60,373980,6233,297015,4950
113,二期作,花蓮縣,富里鄉,C04 ,稉糯稻,60,60,191820,3197,145227,2420
113,一期作,花蓮縣,富里鄉,C05 ,秈糯稻,40,40,244000,6100,193785,4845
113,二期作,花蓮縣,富里鄉,C05 ,秈糯稻,37,37,118289,3197,89557,2420
113,一期作,花蓮縣,鳳林鎮,C01 ,稉稻,730.16,730.16,3087847,4229,2455147,3362
113,二期作,花蓮縣,鳳林鎮,C01 ,稉稻,770.9,770.9,1860182,2413,1438665,1866
113,一期作,花蓮縣,卓溪鄉,C01 ,稉稻,280.67,280.67,1564735,5575,1244590,4434
113,二期作,花蓮縣,卓溪鄉,C01 ,稉稻,277.26,268.36,1059217,3947,801933,2988
113,一期作,花蓮縣,萬榮鄉,C01 ,稉稻,33.2,33.2,150861,4544,119527,3600
113,二期作,花蓮縣,萬榮鄉,C01 ,稉稻,29.86,29.86,86475,2896,67165,2249
113,一期作,花蓮縣,花蓮市,C01 ,稉稻,49.7,49.7,254265,5116,199267,4009
113,二期作,花蓮縣,花蓮市,C01 ,稉稻,35.31,35.31,117476,3327,90468,2562
113,一期作,花蓮縣,豐濱鄉,C01 ,稉稻,36.47,36.47,174910,4796,136465,3742
113,二期作,花蓮縣,豐濱鄉,C01 ,稉稻,2.4,2.4,6910,2879,5319,2216
113,一期作,花蓮縣,光復鄉,C01 ,稉稻,529.3,529.3,2157427,4076,1726247,3261
113,二期作,花蓮縣,光復鄉,C01 ,稉稻,457,453.56,1302624,2872,1014223,2236
113,一期作,花蓮縣,光復鄉,C04 ,稉糯稻,5.2,5.2,21195,4076,16931,3256
113,二期作,花蓮縣,光復鄉,C04 ,稉糯稻,7.5,7.5,21540,2872,16771,2236
113,一期作,花蓮縣,光復鄉,C05 ,秈糯稻,18.3,18.3,74591,4076,56689,3098
113,二期作,花蓮縣,光復鄉,C05 ,秈糯稻,23.25,23.25,66774,2872,51990,2236
113,一期作,花蓮縣,瑞穗鄉,C01 ,稉稻,295.9,295.9,1696986,5735,1379310,4661
113,二期作,花蓮縣,瑞穗鄉,C01 ,稉稻,251.37,251.17,578947,2305,448626,1786
113,一期作,花蓮縣,新城鄉,C01 ,稉稻,124.27,124.27,579347,4662,463478,3730
113,二期作,花蓮縣,新城鄉,C01 ,稉稻,113.54,113.54,403635,3555,296349,2610
113,一期作,花蓮縣,玉里鎮,C01 ,稉稻,2933.78,2933.78,14871571,5069,11790675,4019
113,二期作,花蓮縣,玉里鎮,C01 ,稉稻,2861.08,2835.58,8886708,3134,6728126,2373
113,一期作,花蓮縣,玉里鎮,C03 ,軟秈稻,2,2,10388,5194,7895,3947
113,二期作,花蓮縣,玉里鎮,C03 ,軟秈稻,2,2,6268,3134,4746,2373
113,一期作,花蓮縣,玉里鎮,C04 ,稉糯稻,80,80,405520,5069,321456,4018
113,二期作,花蓮縣,玉里鎮,C04 ,稉糯稻,80,80,250720,3134,189820,2373
113,一期作,花蓮縣,玉里鎮,C05 ,秈糯稻,10,10,50200,5020,38152,3815
113,二期作,花蓮縣,玉里鎮,C05 ,秈糯稻,10,10,31340,3134,23728,2373
113,一期作,花蓮縣,壽豐鄉,C01 ,稉稻,621.15,621.15,3341166,5379,2680617,4316
113,二期作,花蓮縣,壽豐鄉,C01 ,稉稻,470.72,470.72,1383446,2939,1062763,2258
113,一期作,花蓮縣,吉安鄉,C01 ,稉稻,397.3,397.3,2284872,5751,1789055,4503
113,二期作,花蓮縣,吉安鄉,C01 ,稉稻,296.32,296.32,906739,3060,697464,2354
113,一期作,高雄市,旗山區,C01 ,稉稻,91.7,91.7,665742,7260,503900,5495
113,二期作,高雄市,旗山區,C01 ,稉稻,13.68,13.68,58195,4254,42756,3125
113,一期作,高雄市,仁武區,C01 ,稉稻,24.64,24.64,191699,7780,120119,4875
113,二期作,高雄市,仁武區,C01 ,稉稻,7.19,7.19,18234,2536,14223,1978
113,一期作,高雄市,仁武區,C05 ,秈糯稻,22.29,22.29,173463,7782,108692,4876
113,一期作,高雄市,鳥松區,C01 ,稉稻,71.59,71.59,557257,7784,424797,5934
113,一期作,高雄市,大樹區,C01 ,稉稻,1.84,1.84,14225,7731,11096,6030
113,一期作,高雄市,岡山區,C01 ,稉稻,187.18,187.18,1492386,7973,1150033,6144
113,二期作,高雄市,岡山區,C01 ,稉稻,0.54,0.54,1788,3311,1395,2583
113,一期作,高雄市,岡山區,C04 ,稉糯稻,1.8,1.8,14541,8078,11205,6225
113,一期作,高雄市,大寮區,C01 ,稉稻,1200.25,1200.25,9161508,7633,7052529,5876
113,二期作,高雄市,大寮區,C01 ,稉稻,50,29.73,139880,4705,107582,3619
113,一期作,高雄市,大寮區,C05 ,秈糯稻,20,20,153881,7694,118457,5923
113,一期作,高雄市,林園區,C01 ,稉稻,301.49,301.49,2581960,8564,1973650,6546
113,二期作,高雄市,林園區,C01 ,稉稻,1.66,1.66,7810,4705,6092,3670
113,一期作,高雄市,鳳山區,C01 ,稉稻,13.1,13.1,101224,7727,78955,6027
113,一期作,高雄市,小港區,C01 ,稉稻,28.31,28.31,212495,7506,160136,5657
113,一期作,高雄市,美濃區,C01 ,稉稻,1497.04,1497.04,11260735,7522,8597571,5743
113,二期作,高雄市,美濃區,C01 ,稉稻,51.93,51.93,182534,3515,127372,2453
113,一期作,高雄市,六龜區,C01 ,稉稻,48.89,48.89,366724,7501,282267,5774
113,一期作,高雄市,甲仙區,C01 ,稉稻,39.9,39.9,297933,7467,234026,5865
113,一期作,高雄市,杉林區,C01 ,稉稻,99.86,99.86,744157,7452,556853,5576
113,二期作,高雄市,杉林區,C01 ,稉稻,1.36,1.36,5785,4254,4512,3318
113,一期作,高雄市,內門區,C01 ,稉稻,4.23,4.23,28430,6721,22175,5242
113,二期作,高雄市,內門區,C01 ,稉稻,4.91,4.91,21938,4468,17112,3485
113,一期作,高雄市,彌陀區,C01 ,稉稻,7.86,7.86,62864,7998,49034,6238
113,一期作,高雄市,三民區,C01 ,稉稻,7.8,7.8,62860,8059,49031,6286
113,一期作,高雄市,梓官區,C01 ,稉稻,135.51,135.51,1075678,7938,803101,5927
113,二期作,高雄市,梓官區,C01 ,稉稻,35.25,35.25,143080,4059,111602,3166
113,一期作,高雄市,橋頭區,C01 ,稉稻,225.98,225.98,1886255,8347,1437326,6360
113,二期作,高雄市,橋頭區,C01 ,稉稻,36.36,36.36,147513,4057,107094,2945
113,一期作,高雄市,橋頭區,C05 ,秈糯稻,110,110,918506,8350,699902,6363
113,二期作,高雄市,橋頭區,C05 ,秈糯稻,35,35,142137,4061,103192,2948
113,一期作,高雄市,阿蓮區,C01 ,稉稻,275.17,275.17,1848042,6716,1441472,5238
113,二期作,高雄市,阿蓮區,C01 ,稉稻,14.56,14.56,48208,3311,36267,2491
113,一期作,高雄市,阿蓮區,C03 ,軟秈稻,20,20,134615,6731,105000,5250
113,一期作,高雄市,路竹區,C01 ,稉稻,229.69,229.69,1494133,6505,1129116,4916
113,二期作,高雄市,路竹區,C01 ,稉稻,25.98,25.98,86020,3311,64885,2497
113,一期作,高雄市,路竹區,C03 ,軟秈稻,80,80,521020,6513,393735,4922
113,一期作,高雄市,湖內區,C01 ,稉稻,56.22,56.22,387806,6898,291475,5185
113,一期作,高雄市,永安區,C01 ,稉稻,61.68,61.68,479439,7773,359915,5835
113,一期作,苗栗縣,銅鑼鄉,C01 ,稉稻,307.68,307.68,1566091,5090,1237212,4021
113,二期作,苗栗縣,銅鑼鄉,C01 ,稉稻,256.64,256.64,1198765,4671,935037,3643
113,一期作,苗栗縣,南庄鄉,C01 ,稉稻,98.3,98.3,577218,5872,456002,4639
113,二期作,苗栗縣,南庄鄉,C01 ,稉稻,65.79,65.79,243160,3696,189665,2883
113,一期作,苗栗縣,苗栗市,C01 ,稉稻,229.02,229.02,1274038,5563,1006490,4395
113,二期作,苗栗縣,苗栗市,C01 ,稉稻,178.92,178.92,734646,4106,573024,3203
113,一期作,苗栗縣,頭屋鄉,C01 ,稉稻,49.4,49.4,271354,5493,214370,4339
113,二期作,苗栗縣,頭屋鄉,C01 ,稉稻,40.99,40.99,153917,3755,120055,2929
113,一期作,苗栗縣,後龍鎮,C01 ,稉稻,1009.38,1009.38,5621237,5569,4440777,4400
113,二期作,苗栗縣,後龍鎮,C01 ,稉稻,470.9,470.9,1598706,3395,1246991,2648
113,一期作,苗栗縣,獅潭鄉,C01 ,稉稻,1,1,5613,5613,4434,4434
113,一期作,苗栗縣,卓蘭鎮,C01 ,稉稻,3.53,3.53,23100,6544,18249,5170
113,二期作,苗栗縣,卓蘭鎮,C01 ,稉稻,2.47,2.47,11451,4636,8932,3616
113,一期作,苗栗縣,公館鄉,C01 ,稉稻,420.62,420.62,2352528,5593,1858497,4418
113,二期作,苗栗縣,公館鄉,C01 ,稉稻,392.55,392.55,1690713,4307,1318756,3359
113,一期作,苗栗縣,三義鄉,C01 ,稉稻,111.86,111.86,715792,6399,565476,5055
113,二期作,苗栗縣,三義鄉,C01 ,稉稻,101.64,101.64,464596,4571,362385,3565
113,一期作,苗栗縣,苑裡鎮,C01 ,稉稻,1724.78,1724.78,11697809,6782,9241269,5358
113,二期作,苗栗縣,苑裡鎮,C01 ,稉稻,836.59,836.59,3406594,4072,2657144,3176
113,一期作,苗栗縣,苑裡鎮,C02 ,硬秈稻,3,3,16800,5600,13272,4424
113,二期作,苗栗縣,苑裡鎮,C02 ,硬秈稻,1.1,1.1,4459,4054,3478,3162
113,一期作,苗栗縣,苑裡鎮,C03 ,軟秈稻,13,13,56772,4367,44850,3450
113,二期作,苗栗縣,苑裡鎮,C03 ,軟秈稻,4.5,4.5,10812,2403,8433,1874
113,一期作,苗栗縣,苑裡鎮,C04 ,稉糯稻,2,2,11555,5778,9128,4565
113,二期作,苗栗縣,苑裡鎮,C04 ,稉糯稻,0.4,0.4,1578,3946,1231,3078
113,一期作,苗栗縣,通霄鎮,C01 ,稉稻,710.55,710.55,4526914,6371,3576262,5033
113,二期作,苗栗縣,通霄鎮,C01 ,稉稻,175.5,175.5,740259,4218,577402,3290
113,一期作,苗栗縣,西湖鄉,C01 ,稉稻,359.46,359.46,2422041,6738,1913412,5323
113,二期作,苗栗縣,西湖鄉,C01 ,稉稻,108.89,108.89,422384,3879,329460,3026
113,一期作,苗栗縣,造橋鄉,C01 ,稉稻,161.21,161.21,938565,5822,741466,4599
113,二期作,苗栗縣,造橋鄉,C01 ,稉稻,89.54,89.54,316524,3535,246889,2757
113,一期作,苗栗縣,竹南鎮,C01 ,稉稻,517.83,517.83,3062964,5915,2419742,4673
113,二期作,苗栗縣,竹南鎮,C01 ,稉稻,316.28,316.28,1154106,3649,900203,2846
113,一期作,苗栗縣,三灣鄉,C01 ,稉稻,71.17,71.17,407164,5721,321660,4520
113,二期作,苗栗縣,三灣鄉,C01 ,稉稻,29.06,29.06,104151,3584,81238,2796
113,一期作,苗栗縣,頭份市,C01 ,稉稻,441.76,441.76,2609035,5906,2061138,4666
113,二期作,苗栗縣,頭份市,C01 ,稉稻,208.34,208.34,727315,3491,567306,2723
113,一期作,南投縣,竹山鎮,C01 ,稉稻,160.5,160.5,1092363,6806,866025,5396
113,二期作,南投縣,竹山鎮,C01 ,稉稻,187.1,187.1,967868,5173,748936,4003
113,一期作,南投縣,竹山鎮,C03 ,軟秈稻,62.5,62.5,425375,6806,337237,5396
113,一期作,南投縣,竹山鎮,C05 ,秈糯稻,4.71,4.71,32056,6806,25415,5396
113,一期作,南投縣,草屯鎮,C01 ,稉稻,1236.92,1236.92,9713533,7853,7681462,6210
113,二期作,南投縣,草屯鎮,C01 ,稉稻,1240.54,1240.54,7453164,6008,5793497,4670
113,一期作,南投縣,草屯鎮,C05 ,秈糯稻,25,25,196325,7853,155254,6210
113,二期作,南投縣,草屯鎮,C05 ,秈糯稻,10,10,58830,5883,43322,4332
113,一期作,南投縣,名間鄉,C01 ,稉稻,214.32,214.32,1596255,7448,1254337,5853
113,二期作,南投縣,名間鄉,C01 ,稉稻,251.59,251.59,1079321,4290,842950,3350
113,一期作,南投縣,名間鄉,C02 ,硬秈稻,20,20,173847,8692,136609,6830
113,二期作,南投縣,名間鄉,C02 ,硬秈稻,25,25,104761,4190,80634,3225
113,一期作,南投縣,名間鄉,C03 ,軟秈稻,5,5,43465,8693,34155,6831
113,一期作,南投縣,集集鎮,C01 ,稉稻,29.68,29.68,205831,6935,162606,5479
113,二期作,南投縣,集集鎮,C01 ,稉稻,31.36,31.36,149117,4755,116311,3709
113,一期作,南投縣,仁愛鄉,C01 ,稉稻,13.23,13.23,63808,4823,47830,3615
113,二期作,南投縣,仁愛鄉,C01 ,稉稻,15.2,15.2,64980,4275,50042,3292
113,二期作,南投縣,仁愛鄉,C05 ,秈糯稻,1.27,1.27,5050,3976,3853,3034
113,一期作,南投縣,埔里鎮,C01 ,稉稻,11.38,11.38,54897,4824,43369,3811
113,二期作,南投縣,埔里鎮,C01 ,稉稻,11.51,11.51,48941,4252,38174,3317
113,一期作,南投縣,埔里鎮,C03 ,軟秈稻,0.5,0.5,2400,4800,1896,3792
113,一期作,南投縣,南投市,C01 ,稉稻,229.17,229.17,1863152,8130,1471890,6423
113,二期作,南投縣,南投市,C01 ,稉稻,222.08,222.08,1396661,6289,1089396,4905
113,一期作,南投縣,鹿谷鄉,C01 ,稉稻,29.33,29.33,194839,6643,153923,5248
113,二期作,南投縣,鹿谷鄉,C01 ,稉稻,30.11,30.11,149677,4971,116748,3877
113,一期作,新北市,深坑區,C01 ,稉稻,1.46,1.46,6468,4430,5239,3588
113,二期作,新北市,深坑區,C01 ,稉稻,0.44,0.44,953,2166,734,1668
113,一期作,新北市,深坑區,C04 ,稉糯稻,0.05,0.05,174,3480,141,2819
113,一期作,新北市,林口區,C01 ,稉稻,15.03,15.03,120841,8040,96951,6450
113,一期作,新北市,淡水區,C01 ,稉稻,15.27,15.27,71876,4707,56207,3681
113,二期作,新北市,淡水區,C01 ,稉稻,1.39,1.39,3009,2165,2317,1667
113,一期作,新北市,土城區,C01 ,稉稻,1.36,1.36,8326,6122,6687,4917
113,一期作,新北市,樹林區,C01 ,稉稻,0.77,0.77,4464,5797,3573,4640
113,二期作,新北市,樹林區,C01 ,稉稻,0.44,0.44,953,2166,734,1668
113,一期作,新北市,鶯歌區,C01 ,稉稻,32,32,172640,5395,137767,4305
113,一期作,新北市,三峽區,C01 ,稉稻,9.1,9.1,52762,5798,42526,4673
113,一期作,新北市,中和區,C01 ,稉稻,0.5,0.5,3705,7410,2975,5950
113,一期作,新北市,貢寮區,C01 ,稉稻,10.59,10.59,60479,5711,48686,4597
113,一期作,新北市,雙溪區,C01 ,稉稻,2.54,2.54,14506,5711,11605,4569
113,一期作,新北市,萬里區,C01 ,稉稻,2.83,2.83,16185,5719,12624,4461
113,一期作,新北市,金山區,C01 ,稉稻,25.8,25.8,141590,5488,110440,4281
113,一期作,新北市,石門區,C01 ,稉稻,1.39,1.39,7628,5488,5919,4258
113,一期作,新北市,三芝區,C01 ,稉稻,11.44,11.44,57246,5004,44652,3903
113,一期作,新北市,八里區,C01 ,稉稻,0.37,0.37,2176,5881,1746,4719
113,一期作,屏東縣,內埔鄉,C01 ,稉稻,7.89,7.89,58276,7386,47384,6006
113,二期作,屏東縣,內埔鄉,C01 ,稉稻,2.93,2.93,10838,3699,8459,2887
113,一期作,屏東縣,萬巒鄉,C01 ,稉稻,11.09,11.09,84328,7604,68567,6183
113,二期作,屏東縣,萬巒鄉,C01 ,稉稻,5.75,5.75,19349,3365,15286,2658
113,一期作,屏東縣,新埤鄉,C01 ,稉稻,96.93,96.93,709818,7323,577153,5954
113,二期作,屏東縣,新埤鄉,C01 ,稉稻,55.63,55.63,208891,3755,163562,2940
113,一期作,屏東縣,竹田鄉,C01 ,稉稻,232.69,232.69,1688166,7255,1395100,5996
113,二期作,屏東縣,竹田鄉,C01 ,稉稻,17.25,17.25,64153,3719,50136,2906
113,一期作,屏東縣,高樹鄉,C01 ,稉稻,62.01,62.01,453665,7316,368875,5949
113,二期作,屏東縣,高樹鄉,C01 ,稉稻,40.27,40.27,176101,4373,143734,3569
113,一期作,屏東縣,牡丹鄉,C01 ,稉稻,0.64,0.64,4039,6311,3284,5131
113,一期作,屏東縣,鹽埔鄉,C01 ,稉稻,63.34,63.34,462065,7295,375705,5932
113,二期作,屏東縣,鹽埔鄉,C01 ,稉稻,36.38,36.38,157344,4325,128424,3530
113,一期作,屏東縣,新園鄉,C01 ,稉稻,874.77,874.77,6070029,6939,4982887,5696
113,二期作,屏東縣,新園鄉,C01 ,稉稻,0.27,0.27,981,3634,768,2844
113,一期作,屏東縣,枋寮鄉,C01 ,稉稻,158.97,158.97,907083,5706,737549,4640
113,二期作,屏東縣,枋寮鄉,C01 ,稉稻,2.08,2.08,5670,2726,4397,2114
113,一期作,屏東縣,林邊鄉,C01 ,稉稻,31.89,31.89,243384,7632,197896,6206
113,二期作,屏東縣,林邊鄉,C01 ,稉稻,3.66,3.66,11752,3211,9178,2508
113,一期作,屏東縣,崁頂鄉,C01 ,稉稻,581.39,581.39,3897639,6704,3200741,5505
113,二期作,屏東縣,崁頂鄉,C01 ,稉稻,98.25,98.25,324422,3302,253049,2576
113,一期作,屏東縣,崁頂鄉,C02 ,硬秈稻,29.1,29.1,195011,6701,160133,5503
113,一期作,屏東縣,崁頂鄉,C05 ,秈糯稻,74.5,74.5,499523,6705,410218,5506
113,一期作,屏東縣,潮州鎮,C01 ,稉稻,231.05,231.05,1612960,6981,1311498,5676
113,二期作,屏東縣,潮州鎮,C01 ,稉稻,61.56,61.56,217430,3532,175270,2847
113,一期作,屏東縣,屏東市,C01 ,稉稻,547.83,547.83,4783652,8732,3969474,7246
113,二期作,屏東縣,屏東市,C01 ,稉稻,162.42,162.42,666897,4106,544321,3351
113,一期作,屏東縣,車城鄉,C01 ,稉稻,173.34,173.34,996012,5746,809857,4672
113,一期作,屏東縣,恆春鎮,C01 ,稉稻,270,270,1429380,5294,1153367,4272
113,二期作,屏東縣,恆春鎮,C01 ,稉稻,0.8,0.8,1982,2477,1567,1958
113,一期作,屏東縣,東港鎮,C01 ,稉稻,203.24,203.24,1562712,7689,1270641,6252
113,一期作,屏東縣,東港鎮,C02 ,硬秈稻,273.57,273.57,2103480,7689,1710340,6252
113,一期作,屏東縣,東港鎮,C04 ,稉糯稻,6.8,6.8,52279,7688,42508,6251
113,一期作,屏東縣,東港鎮,C05 ,秈糯稻,6,6,46140,7690,37516,6253
113,一期作,屏東縣,枋山鄉,C01 ,稉稻,1.75,1.75,10166,5809,8266,4723
113,二期作,屏東縣,枋山鄉,C01 ,稉稻,0.83,0.83,1848,2227,1441,1737
113,一期作,屏東縣,南州鄉,C01 ,稉稻,311.23,311.23,2525943,8116,2053844,6599
113,二期作,屏東縣,南州鄉,C01 ,稉稻,16.47,16.47,53083,3223,41458,2517
113,一期作,屏東縣,南州鄉,C02 ,硬秈稻,75,75,608700,8116,494934,6599
113,一期作,屏東縣,佳冬鄉,C01 ,稉稻,18.45,18.45,124574,6752,101291,5490
113,二期作,屏東縣,佳冬鄉,C01 ,稉稻,3.74,3.74,11688,3125,9158,2448
113,一期作,屏東縣,里港鄉,C01 ,稉稻,34.52,34.52,256449,7429,208519,6041
113,二期作,屏東縣,里港鄉,C01 ,稉稻,8.02,8.02,34670,4323,28298,3528
113,一期作,屏東縣,長治鄉,C01 ,稉稻,23.82,23.82,189083,7938,153743,6454
113,二期作,屏東縣,長治鄉,C01 ,稉稻,14.33,14.33,59484,4151,48479,3383
113,一期作,屏東縣,萬丹鄉,C01 ,稉稻,1638.23,1638.23,10600986,6471,8536974,5211
113,二期作,屏東縣,萬丹鄉,C01 ,稉稻,35.93,35.93,135600,3774,109307,3042
113,一期作,屏東縣,萬丹鄉,C04 ,稉糯稻,16.48,16.48,106675,6473,85906,5213
113,一期作,屏東縣,萬丹鄉,C05 ,秈糯稻,50.5,50.5,326753,6470,263134,5210
113,一期作,屏東縣,九如鄉,C01 ,稉稻,160.71,160.71,1272823,7920,1051479,6543
113,二期作,屏東縣,九如鄉,C01 ,稉稻,107.79,107.79,475569,4412,388159,3601
113,一期作,屏東縣,麟洛鄉,C01 ,稉稻,5.02,5.02,35416,7055,28797,5736
113,二期作,屏東縣,麟洛鄉,C01 ,稉稻,4.1,4.1,15371,3749,12374,3018
113,一期作,台中市,大肚區,C01 ,稉稻,497.42,497.42,4141519,8326,3271800,6578
113,二期作,台中市,大肚區,C01 ,稉稻,179.9,179.9,944835,5252,736971,4097
113,一期作,台中市,龍井區,C01 ,稉稻,903.96,903.96,6447947,7133,5098392,5640
113,二期作,台中市,龍井區,C01 ,稉稻,586.4,586.4,2213074,3774,1700747,2900
113,一期作,台中市,南區,C01 ,稉稻,0.34,0.34,2736,8047,2161,6357
113,二期作,台中市,南區,C01 ,稉稻,0.17,0.17,1028,6046,802,4716
113,一期作,台中市,大安區,C01 ,稉稻,1195.82,1195.82,7683625,6425,6061612,5069
113,二期作,台中市,大安區,C01 ,稉稻,783.97,783.97,2684314,3424,1944517,2480
113,一期作,台中市,大安區,C03 ,軟秈稻,25,25,175435,7017,134507,5380
113,二期作,台中市,大安區,C03 ,軟秈稻,5,5,16990,3398,11919,2384
113,一期作,台中市,大安區,C04 ,稉糯稻,3,3,19893,6631,15648,5216
113,二期作,台中市,大安區,C04 ,稉糯稻,5,5,16455,3291,11765,2353
113,一期作,台中市,烏日區,C01 ,稉稻,833,833,6688157,8029,5283644,6343
113,二期作,台中市,烏日區,C01 ,稉稻,697.3,697.3,4328838,6208,3376494,4842
113,一期作,台中市,大里區,C01 ,稉稻,198.58,198.58,1666682,8393,1316679,6630
113,二期作,台中市,大里區,C01 ,稉稻,193,193,1265501,6557,987091,5114
113,一期作,台中市,南屯區,C01 ,稉稻,157.63,157.63,1217061,7721,961478,6100
113,二期作,台中市,南屯區,C01 ,稉稻,134.98,134.98,761422,5641,593909,4400
113,一期作,台中市,霧峰區,C01 ,稉稻,1072.98,1072.98,7330599,6832,5798504,5404
113,二期作,台中市,霧峰區,C01 ,稉稻,1055.51,1055.51,6320394,5988,4902730,4645
113,一期作,台中市,西屯區,C01 ,稉稻,220.43,220.43,1471370,6675,1161499,5269
113,二期作,台中市,西屯區,C01 ,稉稻,210.4,210.4,1152782,5479,899170,4274
113,一期作,台中市,太平區,C01 ,稉稻,5.72,5.72,40732,7121,32178,5626
113,二期作,台中市,太平區,C01 ,稉稻,3.13,3.13,18664,5963,14558,4651
113,一期作,台中市,豐原區,C01 ,稉稻,119.74,119.74,786576,6569,627452,5240
113,二期作,台中市,豐原區,C01 ,稉稻,82.5,82.5,444758,5391,337172,4087
113,一期作,台中市,豐原區,C04 ,稉糯稻,3,3,26454,8818,20370,6790
113,二期作,台中市,豐原區,C04 ,稉糯稻,3,3,15318,5106,11520,3840
113,一期作,台中市,北屯區,C01 ,稉稻,19.12,18.99,127936,6737,101069,5322
113,二期作,台中市,北屯區,C01 ,稉稻,13.59,13.59,73522,5410,57347,4220
113,一期作,台中市,石岡區,C01 ,稉稻,0.19,0.19,1346,7084,1072,5645
113,一期作,台中市,外埔區,C01 ,稉稻,1261.99,1261.99,9865902,7818,7802941,6183
113,二期作,台中市,外埔區,C01 ,稉稻,922.81,922.81,4959181,5374,3825513,4146
113,一期作,台中市,外埔區,C04 ,稉糯稻,28,28,216660,7738,169341,6048
113,二期作,台中市,外埔區,C04 ,稉糯稻,14,14,74299,5307,56810,4058
113,一期作,台中市,清水區,C01 ,稉稻,1161.74,1161.74,7578689,6524,5940934,5114
113,二期作,台中市,清水區,C01 ,稉稻,881.46,881.46,3058667,3470,2334681,2649
113,一期作,台中市,清水區,C04 ,稉糯稻,3.85,3.85,25620,6655,20084,5217
113,二期作,台中市,清水區,C04 ,稉糯稻,3,3,9525,3175,6963,2321
113,一期作,台中市,大甲區,C01 ,稉稻,1870.84,1870.84,12631544,6752,9946078,5317
113,二期作,台中市,大甲區,C01 ,稉稻,1231.75,1231.75,4918378,3993,3725671,3025
113,一期作,台中市,大甲區,C02 ,硬秈稻,8.5,8.5,70111,8248,54238,6381
113,二期作,台中市,大甲區,C02 ,硬秈稻,5.7,5.7,22043,3867,16513,2897
113,一期作,台中市,大甲區,C03 ,軟秈稻,4.7,4.7,34637,7370,26480,5634
113,二期作,台中市,大甲區,C03 ,軟秈稻,5.5,5.5,21918,3985,15814,2875
113,一期作,台中市,大甲區,C04 ,稉糯稻,3.5,3.5,23663,6761,18521,5292
113,二期作,台中市,大甲區,C04 ,稉糯稻,8.5,8.5,32198,3788,23865,2808
113,一期作,台中市,大甲區,C05 ,秈糯稻,3.6,3.6,26043,7234,19821,5506
113,一期作,台中市,梧棲區,C01 ,稉稻,363.85,363.85,2334098,6415,1829233,5027
113,二期作,台中市,梧棲區,C01 ,稉稻,306.84,306.84,963171,3139,705812,2300
113,一期作,台中市,沙鹿區,C01 ,稉稻,57.38,57.38,389668,6791,307838,5365
113,二期作,台中市,沙鹿區,C01 ,稉稻,53.53,53.53,224237,4189,171384,3202
113,一期作,台中市,神岡區,C01 ,稉稻,493.12,493.12,3343172,6780,2642108,5358
113,二期作,台中市,神岡區,C01 ,稉稻,264.23,264.23,1374525,5202,1065945,4034
113,一期作,台中市,神岡區,C04 ,稉糯稻,7.8,7.8,55570,7124,43578,5587
113,二期作,台中市,神岡區,C04 ,稉糯稻,11.01,11.01,55072,5002,42279,3840
113,一期作,台中市,后里區,C01 ,稉稻,877.02,877.02,5670188,6465,4466408,5093
113,二期作,台中市,后里區,C01 ,稉稻,546.07,545.9,2926023,5360,2236652,4097
113,一期作,台中市,后里區,C04 ,稉糯稻,20,20,129046,6452,101069,5053
113,二期作,台中市,后里區,C04 ,稉糯稻,20,20,103240,5162,78008,3900
113,一期作,台中市,大雅區,C01 ,稉稻,452.08,452.08,2990551,6615,2336517,5168
113,二期作,台中市,大雅區,C01 ,稉稻,427.19,427.19,2137658,5004,1632529,3822
113,一期作,台中市,大雅區,C04 ,稉糯稻,2,2,14550,7275,11368,5684
113,二期作,台中市,大雅區,C04 ,稉糯稻,2,2,9580,4790,7102,3551
113,一期作,台中市,潭子區,C01 ,稉稻,283.05,283.05,1945120,6872,1531587,5411
113,二期作,台中市,潭子區,C01 ,稉稻,154.47,154.47,852211,5517,661145,4280
113,一期作,台中市,東勢區,C01 ,稉稻,2.38,2.38,15841,6656,12503,5254
113,二期作,台中市,東勢區,C01 ,稉稻,1.56,1.56,8653,5547,6344,4067
113,一期作,台南市,官田區,C01 ,稉稻,978.98,978.98,6995405,7146,5537498,5656
113,二期作,台南市,官田區,C01 ,稉稻,688.78,688.78,3058173,4440,2462776,3576
113,一期作,台南市,官田區,C02 ,硬秈稻,10,10,50930,5093,40051,4005
113,二期作,台南市,官田區,C02 ,硬秈稻,10,10,38820,3882,30303,3030
113,一期作,台南市,官田區,C04 ,稉糯稻,105,105,805560,7672,655404,6242
113,一期作,台南市,官田區,C05 ,秈糯稻,10,10,65850,6585,52153,5215
113,一期作,台南市,永康區,C03 ,軟秈稻,6.8,6.8,38529,5666,30199,4441
113,一期作,台南市,永康區,C05 ,秈糯稻,11.33,11.33,89614,7909,70239,6199
113,二期作,台南市,永康區,C05 ,秈糯稻,2.13,2.13,9968,4680,7775,3650
113,二期作,台南市,新化區,C01 ,稉稻,1.04,1.04,3751,3607,2926,2813
113,一期作,台南市,新化區,C03 ,軟秈稻,11.43,11.43,88983,7785,71080,6219
113,一期作,台南市,新化區,C05 ,秈糯稻,205,205,1658473,8090,1297003,6327
113,二期作,台南市,新化區,C05 ,秈糯稻,1.43,1.43,5158,3607,4023,2813
113,一期作,台南市,善化區,C01 ,稉稻,25,25,198225,7929,162148,6486
113,一期作,台南市,善化區,C05 ,秈糯稻,770.4,770.4,4133523,5365,3324909,4316
113,一期作,台南市,將軍區,C01 ,稉稻,217.07,217.07,1404009,6468,1024927,4722
113,一期作,台南市,西港區,C01 ,稉稻,406.73,406.73,2981384,7330,2472005,6078
113,二期作,台南市,西港區,C01 ,稉稻,1.94,1.94,9167,4725,7431,3830
113,一期作,台南市,西港區,C03 ,軟秈稻,3.14,3.14,23751,7564,19656,6260
113,一期作,台南市,西港區,C04 ,稉糯稻,0.53,0.53,3918,7392,3145,5933
113,一期作,台南市,七股區,C01 ,稉稻,4.85,4.85,36108,7445,29157,6012
113,二期作,台南市,七股區,C01 ,稉稻,0.6,0.6,3238,5396,2587,4310
113,一期作,台南市,安南區,C01 ,稉稻,0.3,0.3,2007,6690,1611,5371
113,二期作,台南市,安南區,C01 ,稉稻,14.15,14.15,66222,4680,52898,3738
113,一期作,台南市,佳里區,C01 ,稉稻,300.09,300.09,2219166,7395,1820160,6065
113,一期作,台南市,學甲區,C01 ,稉稻,1.63,1.63,13287,8152,10794,6623
113,二期作,台南市,學甲區,C01 ,稉稻,3.84,3.84,18417,4796,15124,3938
113,一期作,台南市,學甲區,C03 ,軟秈稻,0.3,0.3,1819,6064,1478,4927
113,一期作,台南市,安定區,C01 ,稉稻,3,3,16455,5485,13730,4577
113,一期作,台南市,安定區,C03 ,軟秈稻,12,12,64548,5379,50580,4215
113,一期作,台南市,安定區,C05 ,秈糯稻,13.69,13.69,92944,6789,75404,5508
113,一期作,台南市,山上區,C05 ,秈糯稻,2.38,2.38,14944,6279,11756,4940
113,一期作,台南市,新市區,C01 ,稉稻,3,3,14043,4681,11470,3823
113,一期作,台南市,新市區,C05 ,秈糯稻,177.43,177.43,1072506,6045,827454,4664
113,一期作,台南市,麻豆區,C01 ,稉稻,276.03,276.03,2055221,7446,1694458,6139
113,二期作,台南市,麻豆區,C01 ,稉稻,36.45,36.45,167306,4590,137592,3775
113,一期作,台南市,麻豆區,C04 ,稉糯稻,4.9,4.9,35192,7182,28632,5843
113,一期作,台南市,麻豆區,C05 ,秈糯稻,3.1,3.1,25042,8078,19833,6398
113,一期作,台南市,下營區,C01 ,稉稻,547.96,547.96,4684510,8549,3934988,7181
113,二期作,台南市,下營區,C01 ,稉稻,286.34,286.34,1348661,4710,1109409,3874
113,一期作,台南市,關廟區,C03 ,軟秈稻,4.15,4.15,35084,8454,27716,6679
113,一期作,台南市,後壁區,C01 ,稉稻,3110.35,3110.35,26015338,8364,21678959,6970
113,二期作,台南市,後壁區,C01 ,稉稻,2741.11,2741.11,17865606,6518,14828555,5410
113,一期作,台南市,後壁區,C04 ,稉糯稻,7,7,58177,8311,48101,6872
113,二期作,台南市,後壁區,C04 ,稉糯稻,150,150,669300,4462,522054,3480
113,一期作,台南市,歸仁區,C01 ,稉稻,21,21,174657,8317,139202,6629
113,二期作,台南市,歸仁區,C01 ,稉稻,0.37,0.37,1335,3607,1041,2813
113,一期作,台南市,歸仁區,C03 ,軟秈稻,284.46,284.46,2356995,8286,1878525,6604
113,一期作,台南市,東山區,C01 ,稉稻,515.11,515.11,4362982,8470,3662287,7110
113,二期作,台南市,東山區,C01 ,稉稻,638.25,638.25,3791843,5941,3157088,4946
113,一期作,台南市,仁德區,C01 ,稉稻,22.1,22.1,148777,6732,112356,5084
113,一期作,台南市,仁德區,C03 ,軟秈稻,123.01,123.01,934469,7597,705711,5737
113,一期作,台南市,白河區,C01 ,稉稻,1341.5,1341.5,11401973,8499,9350606,6970
113,二期作,台南市,白河區,C01 ,稉稻,1379.48,1379.48,8755560,6347,7271493,5271
113,一期作,台南市,白河區,C04 ,稉糯稻,3,3,24933,8311,20600,6867
113,一期作,台南市,柳營區,C01 ,稉稻,1307.87,1307.87,9245333,7069,7707834,5893
113,二期作,台南市,柳營區,C01 ,稉稻,1242.07,1242.07,6768039,5449,5573480,4487
113,一期作,台南市,新營區,C01 ,稉稻,372.19,372.19,3074662,8261,2545205,6838
113,二期作,台南市,新營區,C01 ,稉稻,311.13,311.13,1405685,4518,1123705,3612
113,一期作,台南市,鹽水區,C01 ,稉稻,72.49,72.49,604712,8342,505660,6976
113,二期作,台南市,鹽水區,C01 ,稉稻,41.49,41.49,244501,5893,200149,4824
113,一期作,台南市,六甲區,C01 ,稉稻,1042.8,1042.8,9416484,9030,7862764,7540
113,二期作,台南市,六甲區,C01 ,稉稻,965.39,965.39,4856877,5031,4025380,4170
113,一期作,台北市,北投區,C01 ,稉稻,215.79,215.79,1161598,5383,910693,4220
113,二期作,台北市,北投區,C01 ,稉稻,215.66,215.66,466904,2165,359516,1667
113,一期作,台東縣,海端鄉,C01 ,稉稻,133.47,133.47,892247,6685,618863,4637
113,二期作,台東縣,海端鄉,C01 ,稉稻,117,117,523692,4476,420263,3592
113,一期作,台東縣,臺東市,C01 ,稉稻,1164.04,1164.04,4950662,4253,3271893,2811
113,二期作,台東縣,臺東市,C01 ,稉稻,1168.51,1168.51,3400364,2910,2631542,2252
113,一期作,台東縣,關山鎮,C01 ,稉稻,2016.57,2016.57,14770234,7324,9804481,4862
113,二期作,台東縣,關山鎮,C01 ,稉稻,2063.62,2063.62,9560751,4633,7560642,3664
113,一期作,台東縣,關山鎮,C04 ,稉糯稻,35,35,255465,7299,169578,4845
113,一期作,台東縣,成功鎮,C01 ,稉稻,96.52,96.52,514355,5329,318849,3303
113,二期作,台東縣,成功鎮,C01 ,稉稻,41.85,41.85,135217,3231,101818,2433
113,一期作,台東縣,延平鄉,C01 ,稉稻,31.77,31.77,191414,6025,132765,4179
113,二期作,台東縣,延平鄉,C01 ,稉稻,28.59,28.59,128512,4495,101512,3551
113,一期作,台東縣,長濱鄉,C01 ,稉稻,375.83,375.83,1639746,4363,1066163,2837
113,二期作,台東縣,長濱鄉,C01 ,稉稻,13.37,13.37,40885,3058,27892,2086
113,一期作,台東縣,鹿野鄉,C01 ,稉稻,933.7,933.7,5716111,6122,3957835,4239
113,二期作,台東縣,鹿野鄉,C01 ,稉稻,996.3,996.3,4451468,4468,3524227,3537
113,一期作,台東縣,卑南鄉,C01 ,稉稻,95.43,95.43,510932,5354,356528,3736
113,二期作,台東縣,卑南鄉,C01 ,稉稻,92.85,92.85,317083,3415,246627,2656
113,一期作,台東縣,東河鄉,C01 ,稉稻,97.22,97.22,665374,6844,430763,4431
113,二期作,台東縣,東河鄉,C01 ,稉稻,78.31,78.31,328745,4198,225256,2876
113,一期作,台東縣,池上鄉,C01 ,稉稻,1476.7,1476.7,9970398,6752,6843682,4634
113,二期作,台東縣,池上鄉,C01 ,稉稻,1476.58,1473.58,6374707,4326,5021994,3408
113,一期作,台東縣,池上鄉,C04 ,稉糯稻,23,23,154077,6699,105758,4598
113,二期作,台東縣,池上鄉,C04 ,稉糯稻,22,22,95172,4326,74977,3408
113,一期作,桃園市,楊梅區,C01 ,稉稻,1603.5,1603.5,9723624,6064,7915030,4936
113,二期作,桃園市,楊梅區,C01 ,稉稻,349.57,349.57,1124916,3218,908932,2600
113,一期作,桃園市,蘆竹區,C01 ,稉稻,785,785,3659670,4662,2935055,3739
113,二期作,桃園市,蘆竹區,C01 ,稉稻,34.25,34.25,101175,2954,79220,2313
113,一期作,桃園市,中壢區,C01 ,稉稻,1061.27,1061.27,6132018,5778,4962642,4676
113,二期作,桃園市,中壢區,C01 ,稉稻,116.01,116.01,357079,3078,279236,2407
113,一期作,桃園市,大溪區,C01 ,稉稻,530.11,530.11,2976568,5615,2422926,4571
113,二期作,桃園市,大溪區,C01 ,稉稻,164.81,164.81,576505,3498,469275,2847
113,一期作,桃園市,八德區,C01 ,稉稻,455.34,455.34,2951059,6481,2408064,5288
113,二期作,桃園市,八德區,C01 ,稉稻,161.31,161.31,447958,2777,349407,2166
113,一期作,桃園市,龍潭區,C01 ,稉稻,287.97,287.97,1743082,6053,1401438,4867
113,二期作,桃園市,龍潭區,C01 ,稉稻,99.78,99.78,364796,3656,296214,2969
113,一期作,桃園市,大園區,C01 ,稉稻,863.83,863.83,5054707,5852,4089258,4734
113,二期作,桃園市,大園區,C01 ,稉稻,27.1,27.1,83034,3064,65680,2424
113,一期作,桃園市,大園區,C02 ,硬秈稻,20,20,106860,5343,86450,4322
113,一期作,桃園市,龜山區,C01 ,稉稻,41,41,219309,5349,176039,4294
113,二期作,桃園市,龜山區,C01 ,稉稻,1.17,1.17,3048,2605,2390,2043
113,一期作,桃園市,觀音區,C01 ,稉稻,1645.99,1645.99,9268570,5631,7567787,4598
113,二期作,桃園市,觀音區,C01 ,稉稻,98.24,98.24,351601,3579,281281,2863
113,一期作,桃園市,觀音區,C02 ,硬秈稻,30,30,154530,5151,126174,4206
113,一期作,桃園市,觀音區,C03 ,軟秈稻,14,14,76272,5448,62276,4448
113,一期作,桃園市,觀音區,C04 ,稉糯稻,17,17,88791,5223,72498,4265
113,一期作,桃園市,桃園區,C01 ,稉稻,166.32,166.32,945363,5684,767635,4615
113,二期作,桃園市,桃園區,C01 ,稉稻,33.55,33.55,93235,2779,72910,2173
113,一期作,桃園市,新屋區,C01 ,稉稻,3632.76,3632.76,21545900,5931,17402623,4790
113,二期作,桃園市,新屋區,C01 ,稉稻,497.93,497.93,1835868,3687,1446664,2905
113,一期作,桃園市,平鎮區,C01 ,稉稻,549.92,549.92,2952554,5369,2344328,4263
113,二期作,桃園市,平鎮區,C01 ,稉稻,94.85,94.85,321731,3392,257127,2711
113,一期作,桃園市,平鎮區,C03 ,軟秈稻,16,16,76816,4801,60992,3812
113,一期作,宜蘭縣,宜蘭市,C01 ,稉稻,910.28,910.28,6291855,6912,4926522,5412
113,一期作,宜蘭縣,宜蘭市,C03 ,軟秈稻,50,50,344640,6893,269854,5397
113,一期作,宜蘭縣,羅東鎮,C01 ,稉稻,275.41,275.41,1700657,6175,1358995,4934
113,一期作,宜蘭縣,羅東鎮,C03 ,軟秈稻,40,40,246684,6167,197125,4928
113,一期作,宜蘭縣,蘇澳鎮,C01 ,稉稻,249.04,249.04,1483033,5955,1210155,4859
113,一期作,宜蘭縣,蘇澳鎮,C03 ,軟秈稻,73.9,73.9,439429,5946,358574,4852
113,一期作,宜蘭縣,頭城鎮,C01 ,稉稻,248,248,1620928,6536,1253950,5056
113,一期作,宜蘭縣,頭城鎮,C03 ,軟秈稻,10,10,65140,6514,50392,5039
113,一期作,宜蘭縣,頭城鎮,C05 ,秈糯稻,2,2,13032,6516,10082,5041
113,一期作,宜蘭縣,三星鄉,C01 ,稉稻,1894.2,1894.2,11302691,5967,8384336,4426
113,一期作,宜蘭縣,三星鄉,C03 ,軟秈稻,270.3,270.3,1596932,5908,1184604,4383
113,一期作,宜蘭縣,三星鄉,C04 ,稉糯稻,35.1,35.1,207793,5920,154141,4391
113,一期作,宜蘭縣,大同鄉,C01 ,稉稻,8.71,8.71,53871,6185,42558,4886
113,一期作,宜蘭縣,五結鄉,C01 ,稉稻,1034.23,1034.23,7112400,6877,5526335,5343
113,一期作,宜蘭縣,五結鄉,C03 ,軟秈稻,20,20,137020,6851,106465,5323
113,一期作,宜蘭縣,五結鄉,C04 ,稉糯稻,20,20,136985,6849,106437,5322
113,一期作,宜蘭縣,礁溪鄉,C01 ,稉稻,1228.62,1228.62,8983669,7312,6959648,5665
113,一期作,宜蘭縣,礁溪鄉,C03 ,軟秈稻,110,110,802783,7298,621916,5654
113,一期作,宜蘭縣,礁溪鄉,C04 ,稉糯稻,30,30,218160,7272,169009,5634
113,一期作,宜蘭縣,壯圍鄉,C01 ,稉稻,1891.46,1891.46,12033469,6362,9419800,4980
113,一期作,宜蘭縣,壯圍鄉,C03 ,軟秈稻,5,5,31825,6365,24913,4983
113,一期作,宜蘭縣,壯圍鄉,C04 ,稉糯稻,2,2,12709,6355,9948,4974
113,一期作,宜蘭縣,員山鄉,C01 ,稉稻,1057.41,1057.41,6696578,6333,5001004,4729
113,一期作,宜蘭縣,員山鄉,C03 ,軟秈稻,10,10,63330,6333,47295,4729
113,一期作,宜蘭縣,冬山鄉,C01 ,稉稻,1610.65,1610.65,10324260,6410,8209852,5097
113,一期作,宜蘭縣,冬山鄉,C03 ,軟秈稻,27.89,27.89,180420,6469,143470,5144
113,一期作,雲林縣,東勢鄉,C01 ,稉稻,495.56,495.56,4176294,8427,3294561,6648
113,一期作,雲林縣,東勢鄉,C02 ,硬秈稻,5,5,36425,7285,28047,5609
113,一期作,雲林縣,東勢鄉,C03 ,軟秈稻,100,100,847600,8476,644176,6442
113,一期作,雲林縣,虎尾鎮,C01 ,稉稻,1448.42,1448.42,12552234,8666,9920720,6849
113,二期作,雲林縣,虎尾鎮,C01 ,稉稻,749.59,749.59,3711366,4951,2876368,3837
113,二期作,雲林縣,虎尾鎮,C02 ,硬秈稻,13.37,13.37,63548,4753,48932,3660
113,二期作,雲林縣,虎尾鎮,C03 ,軟秈稻,8.33,8.33,42841,5143,32988,3960
113,一期作,雲林縣,虎尾鎮,C04 ,稉糯稻,31.63,31.63,230551,7289,182135,5758
113,二期作,雲林縣,虎尾鎮,C04 ,稉糯稻,36.42,36.42,199654,5482,155730,4276
113,一期作,雲林縣,虎尾鎮,C05 ,秈糯稻,17.32,17.32,148502,8574,112862,6516
113,二期作,雲林縣,虎尾鎮,C05 ,秈糯稻,17.38,17.38,89889,5172,68316,3931
113,一期作,雲林縣,斗南鎮,C01 ,稉稻,1406.39,1406.39,10340402,7352,8216503,5842
113,二期作,雲林縣,斗南鎮,C01 ,稉稻,1340,1340,7141245,5329,5565259,4153
113,一期作,雲林縣,斗南鎮,C04 ,稉糯稻,225,225,1640025,7289,1295620,5758
113,二期作,雲林縣,斗南鎮,C04 ,稉糯稻,210,210,1151220,5482,897952,4276
113,一期作,雲林縣,斗南鎮,C05 ,秈糯稻,185,185,1586190,8574,1205504,6516
113,二期作,雲林縣,斗南鎮,C05 ,秈糯稻,185,185,956820,5172,727183,3931
113,一期作,雲林縣,麥寮鄉,C01 ,稉稻,1205.47,1205.47,9227873,7655,7309398,6064
113,二期作,雲林縣,麥寮鄉,C01 ,稉稻,1.94,1.94,8905,4590,7035,3626
113,一期作,雲林縣,臺西鄉,C01 ,稉稻,62.77,62.77,383336,6107,299002,4763
113,一期作,雲林縣,臺西鄉,C03 ,軟秈稻,201.11,201.11,1603417,7973,1236162,6147
113,一期作,雲林縣,土庫鎮,C01 ,稉稻,928.76,928.76,8113184,8736,6420166,6913
113,二期作,雲林縣,土庫鎮,C01 ,稉稻,131.91,131.91,731045,5542,577526,4378
113,一期作,雲林縣,土庫鎮,C04 ,稉糯稻,45,45,328005,7289,259124,5758
113,一期作,雲林縣,土庫鎮,C05 ,秈糯稻,20,20,150860,7543,116162,5808
113,一期作,雲林縣,西螺鎮,C01 ,稉稻,1289.37,1289.37,10517804,8157,8313162,6447
113,二期作,雲林縣,西螺鎮,C01 ,稉稻,1125.88,1125.88,6495202,5769,4979222,4423
113,一期作,雲林縣,西螺鎮,C05 ,秈糯稻,20,20,136540,6827,103770,5189
113,一期作,雲林縣,褒忠鄉,C01 ,稉稻,492.39,492.39,4369469,8874,3503440,7115
113,二期作,雲林縣,褒忠鄉,C01 ,稉稻,2.35,2.35,11238,4782,8878,3778
113,一期作,雲林縣,林內鄉,C01 ,稉稻,647.95,647.95,5948181,9180,4616383,7125
113,二期作,雲林縣,林內鄉,C01 ,稉稻,561.51,561.51,2746345,4891,2169613,3864
113,一期作,雲林縣,水林鄉,C01 ,稉稻,2948.32,2948.32,24686283,8373,19502164,6615
113,二期作,雲林縣,水林鄉,C01 ,稉稻,4.98,4.98,23192,4657,18322,3679
113,一期作,雲林縣,斗六市,C01 ,稉稻,1095.17,1095.17,9512647,8686,7514991,6862
113,二期作,雲林縣,斗六市,C01 ,稉稻,1164.83,1164.83,7093521,6090,5522213,4741
113,一期作,雲林縣,斗六市,C04 ,稉糯稻,12.5,12.5,91113,7289,71979,5758
113,二期作,雲林縣,斗六市,C04 ,稉糯稻,28.7,28.7,157333,5482,122720,4276
113,一期作,雲林縣,斗六市,C05 ,秈糯稻,189.5,189.5,1435157,7573,1109489,5855
113,二期作,雲林縣,斗六市,C05 ,秈糯稻,1.5,1.5,7758,5172,5896,3931
113,一期作,雲林縣,崙背鄉,C01 ,稉稻,1830.27,1830.27,15787909,8626,12472448,6815
113,二期作,雲林縣,崙背鄉,C01 ,稉稻,255.52,255.52,1242594,4863,981649,3842
113,一期作,雲林縣,二崙鄉,C01 ,稉稻,1726.46,1726.46,14184595,8216,11201575,6488
113,二期作,雲林縣,二崙鄉,C01 ,稉稻,1100,1100,6130300,5573,4842937,4403
113,一期作,雲林縣,四湖鄉,C01 ,稉稻,463.99,463.99,3628119,7819,2887277,6223
113,一期作,雲林縣,四湖鄉,C03 ,軟秈稻,32.2,32.2,272927,8476,210154,6527
113,一期作,雲林縣,古坑鄉,C01 ,稉稻,46.77,46.77,376265,8045,303382,6487
113,二期作,雲林縣,古坑鄉,C01 ,稉稻,46.64,46.64,260391,5583,205709,4411
113,一期作,雲林縣,北港鎮,C01 ,稉稻,1086.26,1086.26,8842972,8141,6992738,6437
113,二期作,雲林縣,北港鎮,C01 ,稉稻,41,41,203707,4968,161204,3932
113,一期作,雲林縣,北港鎮,C05 ,秈糯稻,20,20,136540,6827,103770,5189
113,二期作,雲林縣,北港鎮,C05 ,秈糯稻,2.23,2.23,9201,4126,6993,3136
113,一期作,雲林縣,元長鄉,C01 ,稉稻,2256,2256,18298949,8111,14465579,6412
113,二期作,雲林縣,元長鄉,C01 ,稉稻,79,79,457999,5797,362651,4591
113,二期作,雲林縣,元長鄉,C03 ,軟秈稻,5,5,25715,5143,19543,3909
113,一期作,雲林縣,元長鄉,C04 ,稉糯稻,95,95,836190,8802,660590,6954
113,二期作,雲林縣,元長鄉,C04 ,稉糯稻,1.08,1.08,5921,5482,4618,4276
113,一期作,雲林縣,元長鄉,C05 ,秈糯稻,45.94,45.94,313632,6827,238360,5189
113,一期作,雲林縣,莿桐鄉,C01 ,稉稻,1792.57,1792.57,14055285,7841,11105343,6195
113,二期作,雲林縣,莿桐鄉,C01 ,稉稻,1601.7,1601.7,8460208,5282,6690435,4177
113,一期作,雲林縣,莿桐鄉,C03 ,軟秈稻,3,3,25428,8476,19325,6442
113,二期作,雲林縣,莿桐鄉,C03 ,軟秈稻,3,3,15429,5143,11726,3909
113,一期作,雲林縣,莿桐鄉,C04 ,稉糯稻,119,119,867391,7289,685239,5758
113,二期作,雲林縣,莿桐鄉,C04 ,稉糯稻,111,111,615939,5549,480432,4328
113,一期作,雲林縣,莿桐鄉,C05 ,秈糯稻,4,4,30172,7543,22931,5733
113,二期作,雲林縣,莿桐鄉,C05 ,秈糯稻,3,3,12378,4126,9531,3177
113,一期作,雲林縣,大埤鄉,C01 ,稉稻,2288.12,2288.12,18064384,7895,14272746,6238
113,二期作,雲林縣,大埤鄉,C01 ,稉稻,2089.8,2089.8,12876756,6162,10050534,4809
113,一期作,雲林縣,大埤鄉,C04 ,稉糯稻,468.29,468.29,3413366,7289,2696559,5758
113,二期作,雲林縣,大埤鄉,C04 ,稉糯稻,349.26,349.26,1938044,5549,1511674,4328
113,一期作,雲林縣,大埤鄉,C05 ,秈糯稻,7.32,7.32,62762,8574,47699,6516
113,二期作,雲林縣,大埤鄉,C05 ,秈糯稻,8.77,8.77,36185,4126,27501,3136
113,一期作,雲林縣,口湖鄉,C01 ,稉稻,351.51,351.51,2485176,7070,1945147,5534

